created_datetime,location,order_id_software,channel,status,payment_method,total,subtotal,vat
2023-04-30 19:56:04,Alicante - Periodista Rodolfo Salazar,128399797,Just Eat,DELIVERED,CARD,35.09,33.1,3.01
2023-04-30 12:51:20,Alicante - Periodista Rodolfo Salazar,128359424,Just Eat,DELIVERED,CARD,27.29,25.3,2.3
2023-04-29 21:25:39,Alicante - Periodista Rodolfo Salazar,128335005,Just Eat,DELIVERED,CARD,41.19,39.2,3.57
2023-04-29 20:49:51,Alicante - Periodista Rodolfo Salazar,128328474,Just Eat,DELIVERED,CARD,63.69,61.7,5.62
2023-04-29 13:16:34,Alicante - Periodista Rodolfo Salazar,128288843,Just Eat,DELIVERED,CARD,67.99,66.0,5.99
2023-04-29 12:38:27,Alicante - Periodista Rodolfo Salazar,128284202,Just Eat,DELIVERED,CARD,16.49,14.5,1.32
2023-04-28 20:33:23,Alicante - Periodista Rodolfo Salazar,128258981,Just Eat,DELIVERED,CARD,22.19,20.2,1.83
2023-04-28 19:47:43,Alicante - Periodista Rodolfo Salazar,128249263,Just Eat,DELIVERED,CARD,38.19,36.2,3.29
2023-04-28 13:00:44,Alicante - Periodista Rodolfo Salazar,128206434,Just Eat,DELIVERED,CARD,16.59,14.6,1.33
2023-04-27 19:01:42,Alicante - Periodista Rodolfo Salazar,128174935,Just Eat,DELIVERED,CARD,23.49,21.5,1.96
2023-04-27 13:22:03,Alicante - Periodista Rodolfo Salazar,128160297,Just Eat,DELIVERED,CARD,15.29,12.3,1.12
2023-04-26 20:00:16,Alicante - Periodista Rodolfo Salazar,128137986,Just Eat,DELIVERED,CARD,46.19,44.2,4.02
2023-04-24 19:09:35,Alicante - Periodista Rodolfo Salazar,128054292,Just Eat,DELIVERED,CARD,17.39,15.4,1.4
2023-04-23 18:11:39,Alicante - Periodista Rodolfo Salazar,127981137,Just Eat,DELIVERED,CARD,18.39,16.4,1.49
2023-04-23 11:50:04,Alicante - Periodista Rodolfo Salazar,127949017,Just Eat,DELIVERED,CARD,24.39,22.4,2.04
2023-04-22 19:21:29,Alicante - Periodista Rodolfo Salazar,127918692,Just Eat,DELIVERED,CARD,55.09,53.1,4.84
2023-04-22 12:36:04,Alicante - Periodista Rodolfo Salazar,127888876,Just Eat,DELIVERED,CARD,23.79,21.8,1.98
2023-04-21 20:28:27,Alicante - Periodista Rodolfo Salazar,127865533,Just Eat,DELIVERED,CARD,15.89,12.9,1.17
2023-04-20 19:29:14,Alicante - Periodista Rodolfo Salazar,127788270,Just Eat,DELIVERED,CARD,26.69,24.7,2.25
2023-04-20 12:52:06,Alicante - Periodista Rodolfo Salazar,127766128,Just Eat,DELIVERED,CARD,30.45,27.8,2.52
2023-04-19 19:44:16,Alicante - Periodista Rodolfo Salazar,127747784,Just Eat,DELIVERED,CARD,31.45,28.8,2.62
2023-04-19 11:56:28,Alicante - Periodista Rodolfo Salazar,127722187,Just Eat,DELIVERED,CARD,41.05,38.4,3.5
2023-04-18 20:50:45,Alicante - Periodista Rodolfo Salazar,127712440,Just Eat,DELIVERED,CARD,23.65,21.0,1.91
2023-04-16 21:35:49,Alicante - Periodista Rodolfo Salazar,127641278,Just Eat,DELIVERED,CARD,29.65,27.0,2.46
2023-04-16 19:02:23,Alicante - Periodista Rodolfo Salazar,127612021,Just Eat,DELIVERED,CARD,29.85,27.2,2.47
2023-04-15 21:03:31,Alicante - Periodista Rodolfo Salazar,127555408,Just Eat,DELIVERED,CARD,33.65,31.0,2.82
2023-04-14 19:56:00,Alicante - Periodista Rodolfo Salazar,127467561,Just Eat,DELIVERED,CARD,28.25,25.6,2.32
2023-04-13 12:07:42,Alicante - Periodista Rodolfo Salazar,127376880,Just Eat,DELIVERED,CARD,33.35,30.7,2.79
2023-04-12 12:04:57,Alicante - Periodista Rodolfo Salazar,127334507,Just Eat,DELIVERED,CARD,35.25,32.6,2.97
2023-04-10 20:42:52,Alicante - Periodista Rodolfo Salazar,127282345,Just Eat,DELIVERED,CARD,29.35,26.7,2.43
2023-04-10 13:28:46,Alicante - Periodista Rodolfo Salazar,127248023,Just Eat,DELIVERED,CARD,44.75,42.1,3.82
2023-04-10 13:07:45,Alicante - Periodista Rodolfo Salazar,127247265,Just Eat,DELIVERED,CARD,43.85,41.2,3.74
2023-04-10 12:51:31,Alicante - Periodista Rodolfo Salazar,127245763,Just Eat,DELIVERED,CARD,21.05,18.4,1.67
2023-04-10 12:26:30,Alicante - Periodista Rodolfo Salazar,127244094,Just Eat,DELIVERED,CARD,39.05,36.4,3.31
2023-04-10 12:00:49,Alicante - Periodista Rodolfo Salazar,127240015,Just Eat,DELIVERED,CARD,37.55,34.9,3.17
2023-04-09 20:37:55,Alicante - Periodista Rodolfo Salazar,127226846,Just Eat,DELIVERED,CARD,32.95,30.3,2.76
2023-04-09 19:32:17,Alicante - Periodista Rodolfo Salazar,127209406,Just Eat,DELIVERED,CARD,24.55,21.9,1.99
2023-04-08 13:23:44,Alicante - Periodista Rodolfo Salazar,127104348,Just Eat,DELIVERED,CARD,19.55,15.4,1.4
2023-04-07 20:34:31,Alicante - Periodista Rodolfo Salazar,127082413,Just Eat,DELIVERED,CARD,32.55,29.9,2.72
2023-04-07 20:04:13,Alicante - Periodista Rodolfo Salazar,127075253,Just Eat,DELIVERED,CARD,18.65,14.5,1.32
2023-04-07 18:20:57,Alicante - Periodista Rodolfo Salazar,127050431,Just Eat,DELIVERED,CARD,29.95,27.3,2.48
2023-04-06 19:38:01,Alicante - Periodista Rodolfo Salazar,126999750,Just Eat,DELIVERED,CARD,36.05,33.4,3.04
2023-04-03 13:18:07,Alicante - Periodista Rodolfo Salazar,126834348,Just Eat,DELIVERED,CARD,11.85,7.7,0.7
2023-04-02 18:56:59,Alicante - Periodista Rodolfo Salazar,126790301,Just Eat,DELIVERED,CARD,27.95,25.3,2.3
2023-04-02 13:08:35,Alicante - Periodista Rodolfo Salazar,126766262,Just Eat,DELIVERED,CARD,35.15,32.5,2.95
2023-04-01 21:27:04,Alicante - Periodista Rodolfo Salazar,126737004,Just Eat,DELIVERED,CARD,40.35,37.7,3.44
2023-04-01 20:29:42,Alicante - Periodista Rodolfo Salazar,126733118,Just Eat,DELIVERED,CARD,133.45,130.8,11.9
2023-03-31 20:38:07,Alicante - Periodista Rodolfo Salazar,126654398,Just Eat,DELIVERED,CARD,43.45,40.8,3.7
2023-03-31 12:03:23,Alicante - Periodista Rodolfo Salazar,126599011,Just Eat,DELIVERED,CARD,32.95,30.3,2.76
2023-03-30 19:14:50,Alicante - Periodista Rodolfo Salazar,126571403,Just Eat,DELIVERED,CARD,18.65,14.5,1.32
2023-03-30 18:18:32,Alicante - Periodista Rodolfo Salazar,126560865,Just Eat,DELIVERED,CARD,27.65,25.0,2.27
2023-03-29 20:56:17,Alicante - Periodista Rodolfo Salazar,126533737,Just Eat,DELIVERED,CARD,31.45,28.8,2.62
2023-03-28 20:51:36,Alicante - Periodista Rodolfo Salazar,126493687,Just Eat,DELIVERED,CARD,18.75,16.1,1.47
2023-03-28 18:50:05,Alicante - Periodista Rodolfo Salazar,126479314,Just Eat,DELIVERED,CARD,32.65,30.0,2.73
2023-03-26 20:18:36,Alicante - Periodista Rodolfo Salazar,126414531,Just Eat,DELIVERED,CARD,32.85,30.2,2.74
2023-03-25 21:33:29,Alicante - Periodista Rodolfo Salazar,126328845,Just Eat,DELIVERED,CARD,68.45,65.8,5.99
2023-03-25 20:15:00,Alicante - Periodista Rodolfo Salazar,126308253,Just Eat,DELIVERED,CARD,43.35,40.7,3.7
2023-03-25 20:00:43,Alicante - Periodista Rodolfo Salazar,126303243,Just Eat,DELIVERED,CARD,84.75,82.1,7.48
2023-03-24 22:07:40,Alicante - Periodista Rodolfo Salazar,126254931,Just Eat,DELIVERED,CARD,41.45,38.8,3.53
2023-03-24 13:39:46,Alicante - Periodista Rodolfo Salazar,126195362,Just Eat,DELIVERED,CARD,33.35,30.7,2.79
2023-03-23 20:13:10,Alicante - Periodista Rodolfo Salazar,126169061,Just Eat,DELIVERED,CARD,30.65,28.0,2.54
2023-03-22 19:35:57,Alicante - Periodista Rodolfo Salazar,126120986,Just Eat,DELIVERED,CARD,33.35,30.7,2.8
2023-03-22 14:01:12,Alicante - Periodista Rodolfo Salazar,126112344,Just Eat,DELIVERED,CARD,43.5,41.5,3.77
2023-03-20 19:17:23,Alicante - Periodista Rodolfo Salazar,126046715,Just Eat,DELIVERED,CARD,87.65,85.0,7.74
2023-03-19 20:04:34,Alicante - Periodista Rodolfo Salazar,125997654,Just Eat,DELIVERED,CARD,32.85,30.2,2.74
2023-03-18 21:01:30,Alicante - Periodista Rodolfo Salazar,125926172,Just Eat,DELIVERED,CARD,33.95,31.3,2.85
2023-03-18 20:55:14,Alicante - Periodista Rodolfo Salazar,125921993,Just Eat,DELIVERED,CARD,35.75,33.1,3.02
2023-03-17 21:31:45,Alicante - Periodista Rodolfo Salazar,125861057,Just Eat,DELIVERED,CARD,38.25,35.6,3.24
2023-03-17 20:42:36,Alicante - Periodista Rodolfo Salazar,125845458,Just Eat,DELIVERED,CARD,13.2,11.2,1.02
2023-03-17 20:28:40,Alicante - Periodista Rodolfo Salazar,125845371,Just Eat,DELIVERED,CARD,32.95,30.3,2.76
2023-03-15 20:51:10,Alicante - Periodista Rodolfo Salazar,125741300,Just Eat,DELIVERED,CARD,41.35,38.7,3.52
2023-03-15 19:26:12,Alicante - Periodista Rodolfo Salazar,125725932,Just Eat,DELIVERED,CARD,28.05,25.4,2.31
2023-03-14 13:19:57,Alicante - Periodista Rodolfo Salazar,125677045,Just Eat,DELIVERED,CARD,33.4,31.4,2.86
2023-03-12 19:54:06,Alicante - Periodista Rodolfo Salazar,125601699,Just Eat,DELIVERED,CARD,19.05,16.4,1.49
2023-03-12 19:34:29,Alicante - Periodista Rodolfo Salazar,125594093,Just Eat,DELIVERED,CARD,30.55,27.9,2.54
2023-03-11 19:49:27,Alicante - Periodista Rodolfo Salazar,125497416,Just Eat,DELIVERED,CARD,34.25,31.6,2.88
2023-03-11 19:27:06,Alicante - Periodista Rodolfo Salazar,125488991,Just Eat,DELIVERED,CARD,43.85,41.2,3.75
2023-03-10 21:02:37,Alicante - Periodista Rodolfo Salazar,125438328,Just Eat,DELIVERED,CARD,36.35,33.7,3.07
2023-03-10 20:56:20,Alicante - Periodista Rodolfo Salazar,125434990,Just Eat,DELIVERED,CARD,25.05,22.4,2.04
2023-03-10 20:07:33,Alicante - Periodista Rodolfo Salazar,125417206,Just Eat,DELIVERED,CARD,30.05,27.4,2.5
2023-03-10 19:37:17,Alicante - Periodista Rodolfo Salazar,125407390,Just Eat,DELIVERED,CARD,62.55,59.9,5.45
2023-03-07 20:52:03,Alicante - Periodista Rodolfo Salazar,125267853,Just Eat,DELIVERED,CARD,40.55,37.9,3.44
2023-03-07 19:26:46,Alicante - Periodista Rodolfo Salazar,125258038,Just Eat,DELIVERED,CARD,28.05,25.4,2.31
2023-03-06 21:14:30,Alicante - Periodista Rodolfo Salazar,125232642,Just Eat,DELIVERED,CARD,25.55,22.9,2.08
2023-03-06 20:31:53,Alicante - Periodista Rodolfo Salazar,125231501,Just Eat,DELIVERED,CARD,64.15,61.5,5.61
2023-03-06 19:28:42,Alicante - Periodista Rodolfo Salazar,125222323,Just Eat,DELIVERED,CARD,19.05,14.9,1.36
2023-03-05 20:06:28,Alicante - Periodista Rodolfo Salazar,125178927,Just Eat,DELIVERED,CARD,34.55,31.9,2.9
2023-03-05 19:19:12,Alicante - Periodista Rodolfo Salazar,125150776,Just Eat,DELIVERED,CARD,45.1,43.1,3.91
2023-03-01 20:34:18,Alicante - Periodista Rodolfo Salazar,124894087,Just Eat,DELIVERED,CARD,61.95,59.3,5.4
2023-02-28 13:40:04,Alicante - Periodista Rodolfo Salazar,124822064,Just Eat,DELIVERED,CARD,11.65,7.5,0.68
2023-02-26 20:43:02,Alicante - Periodista Rodolfo Salazar,124756029,Just Eat,DELIVERED,CARD,51.45,48.8,4.43
2023-02-26 20:42:56,Alicante - Periodista Rodolfo Salazar,124752148,Just Eat,DELIVERED,CARD,17.55,13.4,1.22
2023-02-26 20:13:46,Alicante - Periodista Rodolfo Salazar,124742168,Just Eat,DELIVERED,CARD,42.65,40.0,3.65
2023-02-26 20:13:46,Alicante - Periodista Rodolfo Salazar,124742682,Just Eat,DELIVERED,CARD,78.55,75.9,6.9
2023-02-26 19:58:46,Alicante - Periodista Rodolfo Salazar,124740467,Just Eat,DELIVERED,CARD,49.35,46.7,4.25
2023-02-26 19:37:09,Alicante - Periodista Rodolfo Salazar,124732899,Just Eat,DELIVERED,CARD,20.45,17.8,1.61
2023-02-26 14:23:44,Alicante - Periodista Rodolfo Salazar,124707523,Just Eat,DELIVERED,CARD,16.35,12.2,1.11
2023-02-25 21:50:22,Alicante - Periodista Rodolfo Salazar,124675084,Just Eat,DELIVERED,CARD,31.65,29.0,2.64
2023-02-25 19:20:40,Alicante - Periodista Rodolfo Salazar,124631845,Just Eat,DELIVERED,CARD,40.2,38.2,3.47
2023-02-25 13:15:07,Alicante - Periodista Rodolfo Salazar,124613189,Just Eat,DELIVERED,CARD,26.55,23.9,2.17
2023-02-24 21:00:53,Alicante - Periodista Rodolfo Salazar,124588751,Just Eat,DELIVERED,CARD,39.45,36.8,3.35
2023-02-24 20:14:15,Alicante - Periodista Rodolfo Salazar,124574235,Just Eat,DELIVERED,CARD,67.65,65.0,5.92
2023-02-22 19:46:04,Alicante - Periodista Rodolfo Salazar,124464269,Just Eat,DELIVERED,CARD,36.55,33.9,3.08
2023-02-22 12:51:01,Alicante - Periodista Rodolfo Salazar,124446837,Just Eat,DELIVERED,CARD,32.75,30.1,2.75
2023-02-20 20:38:46,Alicante - Periodista Rodolfo Salazar,124388983,Just Eat,DELIVERED,CARD,20.75,18.1,1.64
2023-02-20 19:51:42,Alicante - Periodista Rodolfo Salazar,124380832,Just Eat,DELIVERED,CARD,28.15,25.5,2.33
2023-02-19 19:39:19,Alicante - Periodista Rodolfo Salazar,124328595,Just Eat,DELIVERED,CARD,19.65,17.0,1.55
2023-02-19 19:21:16,Alicante - Periodista Rodolfo Salazar,124322382,Just Eat,DELIVERED,CARD,23.45,20.8,1.89
2023-02-18 20:08:13,Alicante - Periodista Rodolfo Salazar,124247067,Just Eat,DELIVERED,CARD,41.05,38.4,3.49
2023-02-18 19:35:23,Alicante - Periodista Rodolfo Salazar,124236000,Just Eat,DELIVERED,CARD,31.9,29.9,2.72
2023-02-16 19:33:22,Alicante - Periodista Rodolfo Salazar,124103466,Just Eat,DELIVERED,CARD,36.55,33.9,3.08
2023-02-12 13:27:20,Alicante - Periodista Rodolfo Salazar,123868517,Just Eat,DELIVERED,CARD,19.05,16.4,1.49
2023-02-11 20:51:58,Alicante - Periodista Rodolfo Salazar,123846616,Just Eat,DELIVERED,CARD,26.55,23.9,2.17
2023-02-11 20:45:22,Alicante - Periodista Rodolfo Salazar,123844448,Just Eat,DELIVERED,CARD,32.25,29.6,2.69
2023-02-07 20:44:08,Alicante - Periodista Rodolfo Salazar,123602918,Just Eat,DELIVERED,CARD,73.4,71.4,6.5
2023-02-07 13:36:09,Alicante - Periodista Rodolfo Salazar,123579440,Just Eat,DELIVERED,CARD,44.6,42.6,3.89
2023-02-06 14:11:41,Alicante - Periodista Rodolfo Salazar,123545908,Just Eat,DELIVERED,CARD,31.65,29.0,2.65
2023-02-05 21:02:12,Alicante - Periodista Rodolfo Salazar,123526034,Just Eat,DELIVERED,CARD,31.65,29.0,2.64
2023-02-05 20:11:42,Alicante - Periodista Rodolfo Salazar,123511416,Just Eat,DELIVERED,CARD,19.65,15.5,1.41
2023-02-05 13:45:36,Alicante - Periodista Rodolfo Salazar,123468883,Just Eat,DELIVERED,CARD,29.75,27.1,2.46
2023-02-04 21:06:13,Alicante - Periodista Rodolfo Salazar,123432484,Just Eat,DELIVERED,CARD,36.75,34.1,3.1
2023-02-03 19:08:08,Alicante - Periodista Rodolfo Salazar,123309528,Just Eat,DELIVERED,CARD,17.35,13.2,1.2
2023-02-02 13:35:43,Alicante - Periodista Rodolfo Salazar,123241877,Just Eat,DELIVERED,CARD,28.05,25.4,2.31
2023-01-31 20:44:39,Alicante - Periodista Rodolfo Salazar,123181547,Just Eat,DELIVERED,CARD,18.85,16.2,1.47
2023-01-29 19:32:49,Alicante - Periodista Rodolfo Salazar,123073090,Just Eat,DELIVERED,CARD,47.75,45.1,4.1
2023-01-29 14:38:32,Alicante - Periodista Rodolfo Salazar,123047367,Just Eat,DELIVERED,CARD,46.25,43.6,3.97
2023-01-28 12:52:49,Alicante - Periodista Rodolfo Salazar,122941824,Just Eat,DELIVERED,CARD,33.75,31.1,2.83
2023-01-27 12:47:14,Alicante - Periodista Rodolfo Salazar,122857830,Just Eat,DELIVERED,CARD,38.55,35.9,3.26
2023-01-26 20:46:55,Alicante - Periodista Rodolfo Salazar,122842278,Just Eat,DELIVERED,CARD,42.65,40.0,3.64
2023-01-26 20:10:44,Alicante - Periodista Rodolfo Salazar,122835143,Just Eat,DELIVERED,CARD,17.65,13.5,1.23
2023-01-25 20:00:05,Alicante - Periodista Rodolfo Salazar,122789082,Just Eat,DELIVERED,CARD,15.65,11.5,1.05
2023-01-25 13:53:49,Alicante - Periodista Rodolfo Salazar,122772137,Just Eat,DELIVERED,CARD,27.05,24.4,2.22
2023-01-24 20:32:01,Alicante - Periodista Rodolfo Salazar,122750768,Just Eat,DELIVERED,CARD,37.25,34.6,3.15
2023-01-24 20:32:01,Alicante - Periodista Rodolfo Salazar,122752710,Just Eat,DELIVERED,CARD,29.85,27.2,2.48
2023-01-21 20:13:09,Alicante - Periodista Rodolfo Salazar,122574870,Just Eat,DELIVERED,CARD,43.85,41.2,3.75
2023-01-20 21:06:04,Alicante - Periodista Rodolfo Salazar,122511830,Just Eat,DELIVERED,CARD,37.35,34.7,3.15
2023-01-20 20:55:13,Alicante - Periodista Rodolfo Salazar,122506250,Just Eat,DELIVERED,CARD,71.45,68.8,6.25
2023-01-20 20:33:55,Alicante - Periodista Rodolfo Salazar,122502453,Just Eat,DELIVERED,CARD,30.75,28.1,2.57
2023-01-20 19:43:35,Alicante - Periodista Rodolfo Salazar,122480401,Just Eat,DELIVERED,CARD,38.55,35.9,3.26
2023-01-20 13:38:07,Alicante - Periodista Rodolfo Salazar,122458314,Just Eat,DELIVERED,CARD,28.2,26.2,2.39
2023-01-19 19:31:24,Alicante - Periodista Rodolfo Salazar,122422609,Just Eat,DELIVERED,CARD,62.55,59.9,5.46
2023-01-18 20:59:10,Alicante - Periodista Rodolfo Salazar,122395444,Just Eat,DELIVERED,CARD,44.65,42.0,3.82
2023-01-18 20:40:46,Alicante - Periodista Rodolfo Salazar,122392844,Just Eat,DELIVERED,CARD,35.75,33.1,3.01
2023-01-17 20:51:45,Alicante - Periodista Rodolfo Salazar,122354924,Just Eat,DELIVERED,CARD,18.65,16.0,1.46
2023-01-17 20:05:46,Alicante - Periodista Rodolfo Salazar,122346176,Just Eat,DELIVERED,CARD,27.05,24.4,2.22
2023-01-15 21:20:49,Alicante - Periodista Rodolfo Salazar,122281954,Just Eat,DELIVERED,CARD,29.55,26.9,2.45
2023-01-14 13:53:39,Alicante - Periodista Rodolfo Salazar,122130763,Just Eat,DELIVERED,CARD,31.2,29.2,2.66
2023-01-13 20:10:12,Alicante - Periodista Rodolfo Salazar,122082548,Just Eat,DELIVERED,CARD,17.35,13.2,1.2
2023-01-12 19:28:58,Alicante - Periodista Rodolfo Salazar,122014947,Just Eat,DELIVERED,CARD,19.95,17.3,1.58
2023-01-09 21:15:07,Alicante - Periodista Rodolfo Salazar,121909861,Just Eat,DELIVERED,CARD,14.9,12.9,1.17
2023-01-09 13:08:45,Alicante - Periodista Rodolfo Salazar,121881338,Just Eat,DELIVERED,CARD,26.65,24.0,2.19
2023-01-08 22:06:51,Alicante - Periodista Rodolfo Salazar,121873348,Just Eat,DELIVERED,CARD,22.05,19.4,1.76
2023-01-08 15:01:55,Alicante - Periodista Rodolfo Salazar,121810994,Just Eat,DELIVERED,CARD,15.15,11.0,1.0
2023-01-08 13:25:32,Alicante - Periodista Rodolfo Salazar,121796734,Just Eat,DELIVERED,CARD,33.95,31.3,2.84
2023-01-06 13:08:29,Alicante - Periodista Rodolfo Salazar,121619568,Just Eat,DELIVERED,CARD,38.35,35.7,3.25
2023-01-05 20:37:28,Alicante - Periodista Rodolfo Salazar,121587545,Just Eat,DELIVERED,CARD,36.55,33.9,3.08
2023-01-03 19:11:13,Alicante - Periodista Rodolfo Salazar,121460875,Just Eat,DELIVERED,CARD,37.05,34.4,3.13
2023-01-02 19:58:57,Alicante - Periodista Rodolfo Salazar,121414941,Just Eat,DELIVERED,CARD,18.65,16.0,1.46
2023-08-30 18:58:40,Alicante - Periodista Rodolfo Salazar,135287880,Just Eat,DELIVERED,CARD,32.99,31.0,2.81
2023-08-29 19:19:29,Alicante - Periodista Rodolfo Salazar,135251487,Just Eat,DELIVERED,CARD,59.49,57.5,5.23
2023-08-26 19:57:03,Alicante - Periodista Rodolfo Salazar,135095287,Just Eat,DELIVERED,CARD,15.99,14.0,1.28
2023-08-26 19:29:05,Alicante - Periodista Rodolfo Salazar,135087424,Just Eat,DELIVERED,CARD,32.69,30.7,2.79
2023-08-26 13:06:46,Alicante - Periodista Rodolfo Salazar,135062246,Just Eat,DELIVERED,CARD,19.59,17.6,1.6
2023-08-26 12:01:37,Alicante - Periodista Rodolfo Salazar,135055470,Just Eat,DELIVERED,CARD,52.09,50.1,4.56
2023-08-26 11:40:25,Alicante - Periodista Rodolfo Salazar,135052902,Just Eat,DELIVERED,CARD,31.59,29.6,2.69
2023-08-25 20:24:48,Alicante - Periodista Rodolfo Salazar,135037129,Just Eat,DELIVERED,CARD,17.69,15.7,1.43
2023-08-25 19:23:57,Alicante - Periodista Rodolfo Salazar,135024665,Just Eat,DELIVERED,CARD,58.29,56.3,5.11
2023-08-25 11:59:21,Alicante - Periodista Rodolfo Salazar,134997243,Just Eat,DELIVERED,CARD,29.79,27.8,2.53
2023-08-24 20:14:09,Alicante - Periodista Rodolfo Salazar,134979830,Just Eat,DELIVERED,CARD,32.99,31.0,2.81
2023-08-24 19:52:55,Alicante - Periodista Rodolfo Salazar,134981529,Just Eat,DELIVERED,CARD,31.49,29.5,2.69
2023-08-23 19:42:03,Alicante - Periodista Rodolfo Salazar,134938652,Just Eat,DELIVERED,CARD,32.09,30.1,2.74
2023-08-22 19:45:34,Alicante - Periodista Rodolfo Salazar,134899423,Just Eat,DELIVERED,CARD,19.59,17.6,1.6
2023-08-22 19:40:10,Alicante - Periodista Rodolfo Salazar,134896144,Just Eat,DELIVERED,CARD,48.59,46.6,4.24
2023-08-22 18:28:11,Alicante - Periodista Rodolfo Salazar,134888084,Just Eat,DELIVERED,CARD,52.89,50.9,4.63
2023-08-22 12:26:26,Alicante - Periodista Rodolfo Salazar,134877864,Just Eat,DELIVERED,CARD,47.39,45.4,4.14
2023-08-21 20:22:11,Alicante - Periodista Rodolfo Salazar,134866213,Just Eat,DELIVERED,CARD,30.39,28.4,2.58
2023-08-21 19:12:17,Alicante - Periodista Rodolfo Salazar,134857086,Just Eat,DELIVERED,CARD,27.19,25.2,2.29
2023-08-20 20:22:35,Alicante - Periodista Rodolfo Salazar,134821909,Just Eat,DELIVERED,CARD,37.69,35.7,3.24
2023-08-20 19:54:27,Alicante - Periodista Rodolfo Salazar,134815875,Just Eat,DELIVERED,CARD,64.49,62.5,5.69
2023-08-20 19:52:45,Alicante - Periodista Rodolfo Salazar,134811738,Just Eat,DELIVERED,CARD,32.99,31.0,2.81
2023-08-20 13:40:12,Alicante - Periodista Rodolfo Salazar,134778252,Just Eat,DELIVERED,CARD,16.39,13.4,1.22
2023-08-20 12:58:17,Alicante - Periodista Rodolfo Salazar,134771280,Just Eat,DELIVERED,CARD,43.89,41.9,3.81
2023-08-20 12:50:19,Alicante - Periodista Rodolfo Salazar,134777416,Just Eat,DELIVERED,CARD,19.39,17.4,1.59
2023-08-20 12:15:15,Alicante - Periodista Rodolfo Salazar,134771367,Just Eat,DELIVERED,CARD,42.39,40.4,3.67
2023-08-19 20:58:56,Alicante - Periodista Rodolfo Salazar,134755461,Just Eat,DELIVERED,CARD,27.19,25.2,2.3
2023-08-19 19:58:29,Alicante - Periodista Rodolfo Salazar,134747215,Just Eat,DELIVERED,CARD,62.19,60.2,5.47
2023-08-19 19:29:16,Alicante - Periodista Rodolfo Salazar,134739943,Just Eat,DELIVERED,CARD,28.79,26.8,2.44
2023-08-19 13:00:13,Alicante - Periodista Rodolfo Salazar,134718018,Just Eat,DELIVERED,CARD,28.39,26.4,2.41
2023-08-19 11:35:10,Alicante - Periodista Rodolfo Salazar,134709619,Just Eat,DELIVERED,CARD,16.29,14.3,1.3
2023-08-18 20:32:22,Alicante - Periodista Rodolfo Salazar,134698752,Just Eat,DELIVERED,CARD,103.89,101.9,9.29
2023-08-18 20:06:31,Alicante - Periodista Rodolfo Salazar,134694884,Just Eat,DELIVERED,CARD,38.59,36.6,3.33
2023-08-18 19:57:33,Alicante - Periodista Rodolfo Salazar,134690944,Just Eat,DELIVERED,CARD,12.19,9.2,0.84
2023-08-17 18:59:28,Alicante - Periodista Rodolfo Salazar,134635907,Just Eat,DELIVERED,CARD,19.59,17.6,1.6
2023-08-17 13:27:34,Alicante - Periodista Rodolfo Salazar,134625705,Just Eat,DELIVERED,CARD,33.09,31.1,2.84
2023-08-17 12:01:06,Alicante - Periodista Rodolfo Salazar,134620138,Just Eat,DELIVERED,CARD,44.39,42.4,3.86
2023-08-16 19:55:40,Alicante - Periodista Rodolfo Salazar,134604691,Just Eat,DELIVERED,CARD,17.39,15.4,1.4
2023-08-16 19:16:46,Alicante - Periodista Rodolfo Salazar,134599624,Just Eat,DELIVERED,CARD,18.09,16.1,1.47
2023-08-15 20:42:14,Alicante - Periodista Rodolfo Salazar,134569192,Just Eat,DELIVERED,CARD,18.19,16.2,1.47
2023-08-15 20:22:18,Alicante - Periodista Rodolfo Salazar,134566066,Just Eat,DELIVERED,CARD,26.49,24.5,2.23
2023-08-15 19:41:42,Alicante - Periodista Rodolfo Salazar,134553333,Just Eat,DELIVERED,CARD,34.39,32.4,2.95
2023-08-15 18:59:44,Alicante - Periodista Rodolfo Salazar,134545830,Just Eat,DELIVERED,CARD,29.09,27.1,2.48
2023-08-15 12:57:10,Alicante - Periodista Rodolfo Salazar,134521212,Just Eat,DELIVERED,CARD,111.29,109.3,9.93
2023-08-14 21:11:17,Alicante - Periodista Rodolfo Salazar,134505834,Just Eat,DELIVERED,CARD,32.39,30.4,2.77
2023-08-14 19:37:02,Alicante - Periodista Rodolfo Salazar,134495882,Just Eat,DELIVERED,CARD,32.29,30.3,2.76
2023-08-14 18:37:02,Alicante - Periodista Rodolfo Salazar,134485450,Just Eat,DELIVERED,CARD,18.99,17.0,1.55
2023-08-13 20:24:42,Alicante - Periodista Rodolfo Salazar,134454867,Just Eat,DELIVERED,CARD,26.09,24.1,2.19
2023-08-13 18:24:19,Alicante - Periodista Rodolfo Salazar,134427686,Just Eat,DELIVERED,CARD,18.19,16.2,1.47
2023-08-13 12:30:29,Alicante - Periodista Rodolfo Salazar,134409234,Just Eat,DELIVERED,CARD,46.99,45.0,4.1
2023-08-12 18:32:38,Alicante - Periodista Rodolfo Salazar,134363992,Just Eat,DELIVERED,CARD,40.09,38.1,3.47
2023-08-12 12:12:20,Alicante - Periodista Rodolfo Salazar,134348728,Just Eat,DELIVERED,CARD,29.49,27.5,2.5
2023-08-11 18:13:11,Alicante - Periodista Rodolfo Salazar,134306665,Just Eat,DELIVERED,CARD,30.79,28.8,2.62
2023-08-11 11:49:14,Alicante - Periodista Rodolfo Salazar,134288345,Just Eat,DELIVERED,CARD,47.09,45.1,4.1
2023-08-10 18:34:11,Alicante - Periodista Rodolfo Salazar,134262037,Just Eat,DELIVERED,CARD,18.19,16.2,1.47
2023-08-09 19:09:53,Alicante - Periodista Rodolfo Salazar,134225242,Just Eat,DELIVERED,CARD,29.39,27.4,2.49
2023-08-09 18:58:56,Alicante - Periodista Rodolfo Salazar,134222825,Just Eat,DELIVERED,CARD,31.39,29.4,2.68
2023-08-08 18:28:32,Alicante - Periodista Rodolfo Salazar,134178634,Just Eat,DELIVERED,CARD,18.19,16.2,1.47
2023-08-07 20:35:47,Alicante - Periodista Rodolfo Salazar,134155847,Just Eat,DELIVERED,CARD,27.39,25.4,2.32
2023-08-07 19:29:21,Alicante - Periodista Rodolfo Salazar,134143303,Just Eat,DELIVERED,CARD,21.89,19.9,1.81
2023-08-07 12:38:44,Alicante - Periodista Rodolfo Salazar,134129510,Just Eat,DELIVERED,CARD,38.69,36.7,3.34
2023-08-06 19:53:36,Alicante - Periodista Rodolfo Salazar,134106312,Just Eat,DELIVERED,CARD,31.79,29.8,2.71
2023-08-06 18:22:45,Alicante - Periodista Rodolfo Salazar,134081511,Just Eat,DELIVERED,CARD,29.09,27.1,2.47
2023-08-05 20:20:19,Alicante - Periodista Rodolfo Salazar,134033921,Just Eat,DELIVERED,CARD,44.89,42.9,3.91
2023-08-05 19:39:29,Alicante - Periodista Rodolfo Salazar,134029563,Just Eat,DELIVERED,CARD,32.69,30.7,2.79
2023-08-05 12:51:51,Alicante - Periodista Rodolfo Salazar,134003919,Just Eat,DELIVERED,CARD,29.89,27.9,2.54
2023-08-05 12:41:48,Alicante - Periodista Rodolfo Salazar,134001530,Just Eat,DELIVERED,CARD,15.89,12.9,1.17
2023-08-04 19:54:11,Alicante - Periodista Rodolfo Salazar,133975935,Just Eat,DELIVERED,CARD,32.39,30.4,2.76
2023-08-04 19:21:22,Alicante - Periodista Rodolfo Salazar,133968136,Just Eat,DELIVERED,CARD,16.39,13.4,1.22
2023-08-03 19:29:25,Alicante - Periodista Rodolfo Salazar,133917445,Just Eat,DELIVERED,CARD,40.39,38.4,3.49
2023-08-03 13:28:39,Alicante - Periodista Rodolfo Salazar,133901851,Just Eat,DELIVERED,CARD,29.59,27.6,2.51
2023-08-02 20:51:35,Alicante - Periodista Rodolfo Salazar,133885986,Just Eat,DELIVERED,CARD,26.49,24.5,2.23
2023-08-02 20:19:48,Alicante - Periodista Rodolfo Salazar,133883409,Just Eat,DELIVERED,CARD,30.69,28.7,2.61
2023-08-02 19:35:46,Alicante - Periodista Rodolfo Salazar,133874882,Just Eat,DELIVERED,CARD,22.19,20.2,1.84
2023-08-02 18:40:36,Alicante - Periodista Rodolfo Salazar,133869024,Just Eat,DELIVERED,CARD,16.19,14.2,1.29
2023-08-01 12:42:14,Alicante - Periodista Rodolfo Salazar,133814661,Just Eat,DELIVERED,CARD,38.09,36.1,3.29
2023-07-31 20:43:03,Alicante - Periodista Rodolfo Salazar,133798951,Just Eat,DELIVERED,CARD,51.59,49.6,4.52
2023-07-31 11:41:15,Alicante - Periodista Rodolfo Salazar,133762613,Just Eat,DELIVERED,CARD,26.79,24.8,2.25
2023-07-30 21:06:34,Alicante - Periodista Rodolfo Salazar,133757360,Just Eat,DELIVERED,CARD,19.59,17.6,1.6
2023-07-30 12:16:52,Alicante - Periodista Rodolfo Salazar,133691620,Just Eat,DELIVERED,CARD,34.49,32.5,2.96
2023-07-29 18:45:58,Alicante - Periodista Rodolfo Salazar,133642497,Just Eat,DELIVERED,CARD,46.79,44.8,4.08
2023-07-29 18:09:13,Alicante - Periodista Rodolfo Salazar,133641519,Just Eat,DELIVERED,CARD,46.39,44.4,4.04
2023-07-29 12:15:09,Alicante - Periodista Rodolfo Salazar,133627342,Just Eat,DELIVERED,CARD,45.19,43.2,3.93
2023-07-28 20:49:08,Alicante - Periodista Rodolfo Salazar,133610152,Just Eat,DELIVERED,CARD,23.19,21.2,1.93
2023-07-28 20:44:32,Alicante - Periodista Rodolfo Salazar,133609781,Just Eat,DELIVERED,CARD,17.09,15.1,1.37
2023-07-28 19:11:56,Alicante - Periodista Rodolfo Salazar,133588574,Just Eat,DELIVERED,CARD,15.89,12.9,1.17
2023-07-28 12:59:47,Alicante - Periodista Rodolfo Salazar,133569375,Just Eat,DELIVERED,CARD,40.79,38.8,3.52
2023-07-26 19:57:46,Alicante - Periodista Rodolfo Salazar,133502563,Just Eat,DELIVERED,CARD,40.29,38.3,3.49
2023-07-24 12:43:32,Alicante - Periodista Rodolfo Salazar,133393736,Just Eat,DELIVERED,CARD,16.89,14.9,1.36
2023-07-24 11:59:22,Alicante - Periodista Rodolfo Salazar,133390428,Just Eat,DELIVERED,CARD,53.49,51.5,4.68
2023-07-23 19:55:22,Alicante - Periodista Rodolfo Salazar,133364858,Just Eat,DELIVERED,CARD,61.79,59.8,5.45
2023-07-23 19:14:17,Alicante - Periodista Rodolfo Salazar,133353072,Just Eat,DELIVERED,CARD,18.49,16.5,1.51
2023-07-23 12:43:40,Alicante - Periodista Rodolfo Salazar,133321954,Just Eat,DELIVERED,CARD,33.39,31.4,2.85
2023-07-22 20:46:15,Alicante - Periodista Rodolfo Salazar,133296436,Just Eat,DELIVERED,CARD,30.89,28.9,2.63
2023-07-22 19:58:51,Alicante - Periodista Rodolfo Salazar,133287289,Just Eat,DELIVERED,CARD,39.69,37.7,3.42
2023-07-22 19:53:28,Alicante - Periodista Rodolfo Salazar,133285695,Just Eat,DELIVERED,CARD,45.49,43.5,3.96
2023-07-22 19:00:42,Alicante - Periodista Rodolfo Salazar,133275261,Just Eat,DELIVERED,CARD,30.29,28.3,2.57
2023-07-22 13:50:49,Alicante - Periodista Rodolfo Salazar,133260268,Just Eat,DELIVERED,CARD,35.29,33.3,3.03
2023-07-21 20:28:07,Alicante - Periodista Rodolfo Salazar,133230292,Just Eat,DELIVERED,CARD,26.59,24.6,2.24
2023-07-21 19:48:26,Alicante - Periodista Rodolfo Salazar,133225147,Just Eat,DELIVERED,CARD,16.19,14.2,1.29
2023-07-21 19:22:08,Alicante - Periodista Rodolfo Salazar,133216316,Just Eat,DELIVERED,CARD,28.89,26.9,2.44
2023-07-21 18:35:24,Alicante - Periodista Rodolfo Salazar,133209520,Just Eat,DELIVERED,CARD,28.19,26.2,2.39
2023-07-20 13:48:49,Alicante - Periodista Rodolfo Salazar,133152036,Just Eat,DELIVERED,CARD,18.39,16.4,1.49
2023-07-17 20:54:49,Alicante - Periodista Rodolfo Salazar,133051478,Just Eat,DELIVERED,CARD,18.19,16.2,1.47
2023-07-16 20:03:25,Alicante - Periodista Rodolfo Salazar,133001578,Just Eat,DELIVERED,CARD,19.99,18.0,1.63
2023-07-16 18:47:18,Alicante - Periodista Rodolfo Salazar,132980212,Just Eat,DELIVERED,CARD,20.19,18.2,1.65
2023-07-16 18:37:58,Alicante - Periodista Rodolfo Salazar,132972433,Just Eat,DELIVERED,CARD,29.79,27.8,2.53
2023-07-15 18:58:38,Alicante - Periodista Rodolfo Salazar,132903133,Just Eat,DELIVERED,CARD,30.19,28.2,2.56
2023-07-15 18:32:19,Alicante - Periodista Rodolfo Salazar,132899598,Just Eat,DELIVERED,CARD,54.29,52.3,4.75
2023-07-14 12:37:35,Alicante - Periodista Rodolfo Salazar,132820178,Just Eat,DELIVERED,CARD,63.49,61.5,5.58
2023-07-14 11:55:26,Alicante - Periodista Rodolfo Salazar,132813366,Just Eat,DELIVERED,CARD,68.19,66.2,6.02
2023-07-12 20:51:47,Alicante - Periodista Rodolfo Salazar,132757940,Just Eat,DELIVERED,CARD,28.79,26.8,2.44
2023-07-12 18:30:52,Alicante - Periodista Rodolfo Salazar,132740128,Just Eat,DELIVERED,CARD,12.89,9.9,0.9
2023-07-11 19:00:55,Alicante - Periodista Rodolfo Salazar,132695364,Just Eat,DELIVERED,CARD,43.49,41.5,3.78
2023-07-11 18:29:31,Alicante - Periodista Rodolfo Salazar,132698715,Just Eat,DELIVERED,CARD,28.99,27.0,2.46
2023-07-11 11:38:16,Alicante - Periodista Rodolfo Salazar,132682765,Just Eat,DELIVERED,CARD,30.19,28.2,2.56
2023-07-09 20:01:13,Alicante - Periodista Rodolfo Salazar,132623768,Just Eat,DELIVERED,CARD,37.49,35.5,3.24
2023-07-09 19:44:27,Alicante - Periodista Rodolfo Salazar,132617253,Just Eat,DELIVERED,CARD,58.49,56.5,5.13
2023-07-09 18:55:25,Alicante - Periodista Rodolfo Salazar,132603428,Just Eat,DELIVERED,CARD,27.99,26.0,2.37
2023-07-09 11:53:26,Alicante - Periodista Rodolfo Salazar,132565703,Just Eat,DELIVERED,CARD,42.39,40.4,3.67
2023-07-08 20:30:40,Alicante - Periodista Rodolfo Salazar,132543590,Just Eat,DELIVERED,CARD,57.49,55.5,5.05
2023-07-08 19:02:50,Alicante - Periodista Rodolfo Salazar,132523906,Just Eat,DELIVERED,CARD,58.89,56.9,5.18
2023-07-08 12:46:38,Alicante - Periodista Rodolfo Salazar,132501881,Just Eat,DELIVERED,CARD,42.79,40.8,3.71
2023-07-08 12:38:14,Alicante - Periodista Rodolfo Salazar,132503630,Just Eat,DELIVERED,CARD,48.19,46.2,4.2
2023-07-08 12:24:16,Alicante - Periodista Rodolfo Salazar,132501067,Just Eat,DELIVERED,CARD,60.89,58.9,5.37
2023-07-08 11:50:37,Alicante - Periodista Rodolfo Salazar,132492129,Just Eat,DELIVERED,CARD,42.99,41.0,3.72
2023-07-06 20:29:23,Alicante - Periodista Rodolfo Salazar,132418549,Just Eat,DELIVERED,CARD,71.89,69.9,6.35
2023-07-06 19:45:13,Alicante - Periodista Rodolfo Salazar,132411532,Just Eat,DELIVERED,CARD,27.09,25.1,2.29
2023-07-06 12:54:46,Alicante - Periodista Rodolfo Salazar,132387801,Just Eat,DELIVERED,CARD,32.79,30.8,2.8
2023-07-06 12:24:10,Alicante - Periodista Rodolfo Salazar,132385637,Just Eat,DELIVERED,CARD,47.39,45.4,4.14
2023-07-05 19:36:10,Alicante - Periodista Rodolfo Salazar,132360605,Just Eat,DELIVERED,CARD,34.49,32.5,2.96
2023-07-05 18:37:39,Alicante - Periodista Rodolfo Salazar,132354714,Just Eat,DELIVERED,CARD,36.69,34.7,3.16
2023-07-05 18:18:50,Alicante - Periodista Rodolfo Salazar,132350626,Just Eat,DELIVERED,CARD,29.39,27.4,2.49
2023-07-04 20:49:44,Alicante - Periodista Rodolfo Salazar,132324788,Just Eat,DELIVERED,CARD,37.19,35.2,3.2
2023-07-04 18:19:38,Alicante - Periodista Rodolfo Salazar,132308492,Just Eat,DELIVERED,CARD,37.49,35.5,3.23
2023-07-03 18:52:52,Alicante - Periodista Rodolfo Salazar,132271433,Just Eat,DELIVERED,CARD,39.59,37.6,3.42
2023-07-02 21:22:04,Alicante - Periodista Rodolfo Salazar,132246300,Just Eat,DELIVERED,CARD,16.89,14.9,1.35
2023-07-02 19:27:07,Alicante - Periodista Rodolfo Salazar,132218294,Just Eat,DELIVERED,CARD,17.09,15.1,1.37
2023-07-02 13:11:59,Alicante - Periodista Rodolfo Salazar,132185575,Just Eat,DELIVERED,CARD,33.39,31.4,2.85
2023-07-02 11:59:05,Alicante - Periodista Rodolfo Salazar,132171939,Just Eat,DELIVERED,CARD,30.69,28.7,2.61
2023-07-01 20:55:34,Alicante - Periodista Rodolfo Salazar,132151524,Just Eat,DELIVERED,CARD,15.19,12.2,1.11
2023-06-30 20:22:39,Alicante - Periodista Rodolfo Salazar,132065916,Just Eat,DELIVERED,CARD,61.69,59.7,5.43
2023-06-30 20:06:30,Alicante - Periodista Rodolfo Salazar,132064395,Just Eat,DELIVERED,CARD,17.09,15.1,1.37
2023-06-30 19:44:41,Alicante - Periodista Rodolfo Salazar,132056438,Just Eat,DELIVERED,CARD,15.69,12.7,1.16
2023-06-30 18:29:41,Alicante - Periodista Rodolfo Salazar,132042236,Just Eat,DELIVERED,CARD,28.99,27.0,2.46
2023-06-29 20:31:10,Alicante - Periodista Rodolfo Salazar,132006082,Just Eat,DELIVERED,CARD,31.59,29.6,2.69
2023-06-29 19:31:36,Alicante - Periodista Rodolfo Salazar,131993242,Just Eat,DELIVERED,CARD,15.49,12.5,1.14
2023-06-29 19:17:21,Alicante - Periodista Rodolfo Salazar,131990426,Just Eat,DELIVERED,CARD,41.89,39.9,3.64
2023-06-29 13:13:31,Alicante - Periodista Rodolfo Salazar,131970511,Just Eat,DELIVERED,CARD,32.29,30.3,2.76
2023-06-29 11:59:06,Alicante - Periodista Rodolfo Salazar,131965968,Just Eat,DELIVERED,CARD,43.99,42.0,3.83
2023-06-28 20:01:04,Alicante - Periodista Rodolfo Salazar,131948680,Just Eat,DELIVERED,CARD,16.49,14.5,1.32
2023-06-28 19:05:42,Alicante - Periodista Rodolfo Salazar,131938833,Just Eat,DELIVERED,CARD,54.49,52.5,4.78
2023-06-27 20:38:51,Alicante - Periodista Rodolfo Salazar,131903701,Just Eat,DELIVERED,CARD,46.19,44.2,4.02
2023-06-27 20:15:03,Alicante - Periodista Rodolfo Salazar,131899502,Just Eat,DELIVERED,CARD,33.89,31.9,2.91
2023-06-27 18:27:56,Alicante - Periodista Rodolfo Salazar,131888566,Just Eat,DELIVERED,CARD,43.89,41.9,3.82
2023-06-27 13:25:12,Alicante - Periodista Rodolfo Salazar,131880141,Just Eat,DELIVERED,CARD,18.39,16.4,1.49
2023-06-26 18:21:20,Alicante - Periodista Rodolfo Salazar,131846734,Just Eat,DELIVERED,CARD,38.99,37.0,3.37
2023-06-25 13:04:51,Alicante - Periodista Rodolfo Salazar,131758246,Just Eat,DELIVERED,CARD,36.49,34.5,3.14
2023-06-25 11:49:42,Alicante - Periodista Rodolfo Salazar,131746485,Just Eat,DELIVERED,CARD,38.89,36.9,3.36
2023-06-25 11:34:02,Alicante - Periodista Rodolfo Salazar,131745223,Just Eat,DELIVERED,CARD,17.39,15.4,1.4
2023-06-24 20:24:48,Alicante - Periodista Rodolfo Salazar,131715359,Just Eat,DELIVERED,CARD,15.69,12.7,1.15
2023-06-24 20:01:05,Alicante - Periodista Rodolfo Salazar,131715718,Just Eat,DELIVERED,CARD,84.49,82.5,7.51
2023-06-24 19:55:02,Alicante - Periodista Rodolfo Salazar,131715968,Just Eat,DELIVERED,CARD,32.59,30.6,2.79
2023-06-24 19:32:13,Alicante - Periodista Rodolfo Salazar,131709612,Just Eat,DELIVERED,CARD,27.59,25.6,2.33
2023-06-24 19:24:58,Alicante - Periodista Rodolfo Salazar,131705315,Just Eat,DELIVERED,CARD,27.29,25.3,2.3
2023-06-24 18:56:45,Alicante - Periodista Rodolfo Salazar,131699682,Just Eat,DELIVERED,CARD,25.99,24.0,2.18
2023-06-24 18:17:30,Alicante - Periodista Rodolfo Salazar,131689246,Just Eat,DELIVERED,CARD,21.39,19.4,1.76
2023-06-24 13:49:50,Alicante - Periodista Rodolfo Salazar,131681698,Just Eat,DELIVERED,CARD,36.79,34.8,3.17
2023-06-24 12:48:00,Alicante - Periodista Rodolfo Salazar,131677453,Just Eat,DELIVERED,CARD,39.89,37.9,3.44
2023-06-24 12:31:30,Alicante - Periodista Rodolfo Salazar,131674191,Just Eat,DELIVERED,CARD,40.99,39.0,3.55
2023-06-23 20:32:17,Alicante - Periodista Rodolfo Salazar,131647173,Just Eat,DELIVERED,CARD,17.69,15.7,1.43
2023-06-23 12:27:06,Alicante - Periodista Rodolfo Salazar,131606846,Just Eat,DELIVERED,CARD,14.49,11.5,1.04
2023-06-22 20:28:21,Alicante - Periodista Rodolfo Salazar,131589400,Just Eat,DELIVERED,CARD,30.39,28.4,2.58
2023-06-22 20:16:51,Alicante - Periodista Rodolfo Salazar,131586850,Just Eat,DELIVERED,CARD,20.49,18.5,1.68
2023-06-22 19:18:10,Alicante - Periodista Rodolfo Salazar,131576983,Just Eat,DELIVERED,CARD,39.09,37.1,3.37
2023-06-22 19:08:17,Alicante - Periodista Rodolfo Salazar,131575113,Just Eat,DELIVERED,CARD,30.49,28.5,2.59
2023-06-22 13:32:51,Alicante - Periodista Rodolfo Salazar,131559422,Just Eat,ACCEPTED,CARD,29.79,27.8,2.52
2023-06-21 19:25:54,Alicante - Periodista Rodolfo Salazar,131530738,Just Eat,DELIVERED,CARD,30.69,28.7,2.61
2023-06-21 12:56:28,Alicante - Periodista Rodolfo Salazar,131511954,Just Eat,DELIVERED,CARD,17.39,15.4,1.4
2023-06-20 20:35:01,Alicante - Periodista Rodolfo Salazar,131498161,Just Eat,DELIVERED,CARD,35.99,34.0,3.09
2023-06-20 19:30:16,Alicante - Periodista Rodolfo Salazar,131488572,Just Eat,DELIVERED,CARD,30.09,28.1,2.55
2023-06-20 18:03:10,Alicante - Periodista Rodolfo Salazar,131477795,Just Eat,DELIVERED,CARD,31.39,29.4,2.67
2023-06-20 12:35:23,Alicante - Periodista Rodolfo Salazar,131469761,Just Eat,DELIVERED,CARD,17.79,15.8,1.44
2023-06-19 11:39:03,Alicante - Periodista Rodolfo Salazar,131424959,Just Eat,DELIVERED,CARD,20.79,18.8,1.7
2023-06-18 21:30:37,Alicante - Periodista Rodolfo Salazar,131419569,Just Eat,DELIVERED,CARD,27.39,25.4,2.31
2023-06-18 20:54:16,Alicante - Periodista Rodolfo Salazar,131417303,Just Eat,DELIVERED,CARD,16.49,14.5,1.32
2023-06-18 19:44:03,Alicante - Periodista Rodolfo Salazar,131398300,Just Eat,DELIVERED,CARD,18.89,16.9,1.54
2023-06-18 19:18:06,Alicante - Periodista Rodolfo Salazar,131395004,Just Eat,DELIVERED,CARD,19.59,17.6,1.6
2023-06-18 18:33:08,Alicante - Periodista Rodolfo Salazar,131376874,Just Eat,DELIVERED,CARD,53.69,51.7,4.7
2023-06-18 18:16:11,Alicante - Periodista Rodolfo Salazar,131372223,Just Eat,DELIVERED,CARD,20.79,18.8,1.71
2023-06-18 12:34:37,Alicante - Periodista Rodolfo Salazar,131349243,Just Eat,DELIVERED,CARD,68.99,67.0,6.09
2023-06-18 11:36:26,Alicante - Periodista Rodolfo Salazar,131335767,Just Eat,DELIVERED,CARD,17.39,15.4,1.4
2023-06-17 20:22:55,Alicante - Periodista Rodolfo Salazar,131313851,Just Eat,DELIVERED,CARD,31.79,29.8,2.71
2023-06-17 20:09:25,Alicante - Periodista Rodolfo Salazar,131310181,Just Eat,DELIVERED,CARD,17.99,16.0,1.46
2023-06-16 21:28:27,Alicante - Periodista Rodolfo Salazar,131246217,Just Eat,DELIVERED,CARD,16.49,14.5,1.32
2023-06-16 20:26:04,Alicante - Periodista Rodolfo Salazar,131235845,Just Eat,DELIVERED,CARD,32.59,30.6,2.78
2023-06-16 19:39:52,Alicante - Periodista Rodolfo Salazar,131225398,Just Eat,DELIVERED,CARD,46.89,44.9,4.08
2023-06-16 11:38:15,Alicante - Periodista Rodolfo Salazar,131181135,Just Eat,DELIVERED,CARD,17.49,15.5,1.4
2023-06-14 20:36:49,Alicante - Periodista Rodolfo Salazar,131124900,Just Eat,DELIVERED,CARD,56.59,54.6,4.97
2023-06-14 19:13:24,Alicante - Periodista Rodolfo Salazar,131114023,Just Eat,DELIVERED,CARD,33.49,31.5,2.87
2023-06-14 19:03:00,Alicante - Periodista Rodolfo Salazar,131112224,Just Eat,DELIVERED,CARD,32.19,30.2,2.74
2023-06-14 11:59:16,Alicante - Periodista Rodolfo Salazar,131089793,Just Eat,DELIVERED,CARD,17.59,15.6,1.42
2023-06-13 20:18:34,Alicante - Periodista Rodolfo Salazar,131080152,Just Eat,DELIVERED,CARD,67.09,65.1,5.91
2023-06-13 19:11:29,Alicante - Periodista Rodolfo Salazar,131070757,Just Eat,DELIVERED,CARD,43.69,41.7,3.79
2023-06-12 18:53:22,Alicante - Periodista Rodolfo Salazar,131028818,Just Eat,DELIVERED,CARD,47.89,45.9,4.18
2023-06-12 18:16:21,Alicante - Periodista Rodolfo Salazar,131021570,Just Eat,DELIVERED,CARD,37.29,35.3,3.2
2023-06-12 12:44:30,Alicante - Periodista Rodolfo Salazar,131015573,Just Eat,DELIVERED,CARD,20.69,18.7,1.71
2023-06-11 20:51:58,Alicante - Periodista Rodolfo Salazar,130996734,Just Eat,DELIVERED,CARD,48.69,46.7,4.25
2023-06-11 20:27:14,Alicante - Periodista Rodolfo Salazar,130996082,Just Eat,DELIVERED,CARD,32.89,30.9,2.82
2023-06-11 20:08:49,Alicante - Periodista Rodolfo Salazar,130991974,Just Eat,DELIVERED,CARD,59.19,57.2,5.2
2023-06-11 19:26:12,Alicante - Periodista Rodolfo Salazar,130981321,Just Eat,DELIVERED,CARD,25.09,23.1,2.1
2023-06-11 12:54:58,Alicante - Periodista Rodolfo Salazar,130938996,Just Eat,DELIVERED,CARD,46.99,45.0,4.1
2023-06-11 12:10:04,Alicante - Periodista Rodolfo Salazar,130929561,Just Eat,DELIVERED,CARD,33.99,32.0,2.91
2023-06-10 19:42:34,Alicante - Periodista Rodolfo Salazar,130889486,Just Eat,DELIVERED,CARD,88.89,86.9,7.9
2023-06-10 18:34:40,Alicante - Periodista Rodolfo Salazar,130861782,Just Eat,DELIVERED,CARD,58.79,56.8,5.17
2023-06-10 18:29:50,Alicante - Periodista Rodolfo Salazar,130866988,Just Eat,DELIVERED,CARD,15.69,12.7,1.15
2023-06-09 20:44:19,Alicante - Periodista Rodolfo Salazar,130825361,Just Eat,DELIVERED,CARD,20.19,18.2,1.66
2023-06-09 19:59:09,Alicante - Periodista Rodolfo Salazar,130813856,Just Eat,DELIVERED,CARD,15.89,12.9,1.17
2023-06-08 20:43:30,Alicante - Periodista Rodolfo Salazar,130752930,Just Eat,DELIVERED,CARD,31.39,29.4,2.67
2023-06-08 19:19:54,Alicante - Periodista Rodolfo Salazar,130738371,Just Eat,DELIVERED,CARD,16.89,14.9,1.35
2023-06-08 19:10:12,Alicante - Periodista Rodolfo Salazar,130737257,Just Eat,DELIVERED,CARD,16.09,13.1,1.19
2023-06-07 19:04:03,Alicante - Periodista Rodolfo Salazar,130680671,Just Eat,DELIVERED,CARD,41.49,39.5,3.6
2023-06-07 13:23:56,Alicante - Periodista Rodolfo Salazar,130666601,Just Eat,DELIVERED,CARD,32.49,30.5,2.77
2023-06-07 12:23:25,Alicante - Periodista Rodolfo Salazar,130662454,Just Eat,DELIVERED,CARD,53.69,51.7,4.7
2023-06-07 11:37:22,Alicante - Periodista Rodolfo Salazar,130659438,Just Eat,DELIVERED,CARD,16.49,14.5,1.32
2023-06-06 20:26:49,Alicante - Periodista Rodolfo Salazar,130648658,Just Eat,DELIVERED,CARD,21.89,19.9,1.81
2023-06-04 21:04:50,Alicante - Periodista Rodolfo Salazar,130563487,Just Eat,DELIVERED,CARD,36.69,34.7,3.16
2023-06-04 19:53:01,Alicante - Periodista Rodolfo Salazar,130545500,Just Eat,DELIVERED,CARD,30.49,28.5,2.59
2023-06-04 19:09:53,Alicante - Periodista Rodolfo Salazar,130532206,Just Eat,DELIVERED,CARD,26.59,24.6,2.24
2023-06-04 13:09:32,Alicante - Periodista Rodolfo Salazar,130496253,Just Eat,DELIVERED,CARD,17.59,15.6,1.42
2023-06-03 19:49:53,Alicante - Periodista Rodolfo Salazar,130451645,Just Eat,DELIVERED,CARD,23.19,21.2,1.93
2023-06-03 19:32:40,Alicante - Periodista Rodolfo Salazar,130448439,Just Eat,DELIVERED,CARD,29.39,27.4,2.49
2023-06-03 11:53:59,Alicante - Periodista Rodolfo Salazar,130404978,Just Eat,DELIVERED,CARD,39.59,37.6,3.42
2023-06-02 19:43:28,Alicante - Periodista Rodolfo Salazar,130374218,Just Eat,DELIVERED,CARD,29.79,27.8,2.53
2023-06-02 19:28:15,Alicante - Periodista Rodolfo Salazar,130370486,Just Eat,DELIVERED,CARD,29.39,27.4,2.5
2023-06-01 20:16:48,Alicante - Periodista Rodolfo Salazar,130316597,Just Eat,DELIVERED,CARD,22.99,21.0,1.92
2023-06-01 20:02:05,Alicante - Periodista Rodolfo Salazar,130315032,Just Eat,DELIVERED,CARD,31.49,29.5,2.68
2023-06-01 18:47:12,Alicante - Periodista Rodolfo Salazar,130299759,Just Eat,DELIVERED,CARD,42.99,41.0,3.72
2023-05-31 21:03:07,Alicante - Periodista Rodolfo Salazar,130270425,Just Eat,DELIVERED,CARD,24.29,22.3,2.03
2023-05-31 19:32:25,Alicante - Periodista Rodolfo Salazar,130261814,Just Eat,DELIVERED,CARD,45.19,43.2,3.93
2023-05-31 18:29:10,Alicante - Periodista Rodolfo Salazar,130248365,Just Eat,DELIVERED,CARD,29.19,27.2,2.47
2023-05-30 12:27:36,Alicante - Periodista Rodolfo Salazar,130193964,Just Eat,DELIVERED,CARD,47.99,46.0,4.19
2023-05-29 12:56:23,Alicante - Periodista Rodolfo Salazar,130154286,Just Eat,DELIVERED,CARD,18.59,16.6,1.5
2023-05-28 20:14:29,Alicante - Periodista Rodolfo Salazar,130130724,Just Eat,DELIVERED,CARD,46.49,44.5,4.05
2023-05-28 13:15:58,Alicante - Periodista Rodolfo Salazar,130081958,Just Eat,DELIVERED,CARD,27.59,25.6,2.33
2023-05-28 12:12:35,Alicante - Periodista Rodolfo Salazar,130072029,Just Eat,DELIVERED,CARD,31.89,29.9,2.73
2023-05-27 20:38:16,Alicante - Periodista Rodolfo Salazar,130044551,Just Eat,DELIVERED,CARD,33.39,31.4,2.85
2023-05-27 20:35:12,Alicante - Periodista Rodolfo Salazar,130042575,Just Eat,DELIVERED,CARD,29.89,27.9,2.54
2023-05-27 19:49:01,Alicante - Periodista Rodolfo Salazar,130031549,Just Eat,DELIVERED,CARD,59.99,58.0,5.28
2023-05-27 13:13:44,Alicante - Periodista Rodolfo Salazar,129995718,Just Eat,DELIVERED,CARD,13.19,10.2,0.93
2023-05-27 12:54:00,Alicante - Periodista Rodolfo Salazar,129994672,Just Eat,DELIVERED,CARD,43.09,41.1,3.74
2023-05-27 12:49:07,Alicante - Periodista Rodolfo Salazar,129992192,Just Eat,DELIVERED,CARD,26.99,25.0,2.27
2023-05-27 11:50:26,Alicante - Periodista Rodolfo Salazar,129984564,Just Eat,DELIVERED,CARD,53.99,52.0,4.74
2023-05-27 11:35:56,Alicante - Periodista Rodolfo Salazar,129983205,Just Eat,DELIVERED,CARD,30.99,29.0,2.64
2023-05-25 19:51:28,Alicante - Periodista Rodolfo Salazar,129889472,Just Eat,DELIVERED,CARD,19.29,17.3,1.57
2023-05-24 20:22:50,Alicante - Periodista Rodolfo Salazar,129845865,Just Eat,DELIVERED,CARD,30.49,28.5,2.59
2023-05-23 19:00:52,Alicante - Periodista Rodolfo Salazar,129791975,Just Eat,DELIVERED,CARD,29.59,27.6,2.51
2023-05-23 18:22:10,Alicante - Periodista Rodolfo Salazar,129786457,Just Eat,DELIVERED,CARD,26.79,24.8,2.25
2023-05-21 20:57:32,Alicante - Periodista Rodolfo Salazar,129731098,Just Eat,DELIVERED,CARD,51.79,49.8,4.53
2023-05-21 20:24:02,Alicante - Periodista Rodolfo Salazar,129725640,Just Eat,DELIVERED,CARD,37.49,35.5,3.24
2023-05-21 20:09:45,Alicante - Periodista Rodolfo Salazar,129720587,Just Eat,DELIVERED,CARD,16.49,14.5,1.32
2023-05-21 19:05:03,Alicante - Periodista Rodolfo Salazar,129695316,Just Eat,DELIVERED,CARD,40.09,38.1,3.47
2023-05-21 12:02:25,Alicante - Periodista Rodolfo Salazar,129654161,Just Eat,DELIVERED,CARD,51.39,49.4,4.49
2023-05-20 20:16:38,Alicante - Periodista Rodolfo Salazar,129624343,Just Eat,DELIVERED,CARD,26.69,24.7,2.25
2023-05-20 18:59:45,Alicante - Periodista Rodolfo Salazar,129604460,Just Eat,DELIVERED,CARD,30.79,28.8,2.62
2023-05-19 20:28:49,Alicante - Periodista Rodolfo Salazar,129553889,Just Eat,DELIVERED,CARD,31.79,29.8,2.71
2023-05-19 20:17:07,Alicante - Periodista Rodolfo Salazar,129550146,Just Eat,DELIVERED,CARD,17.59,15.6,1.42
2023-05-19 19:02:08,Alicante - Periodista Rodolfo Salazar,129515948,Just Eat,DELIVERED,CARD,30.69,28.7,2.61
2023-05-18 19:19:21,Alicante - Periodista Rodolfo Salazar,129472959,Just Eat,DELIVERED,CARD,29.49,27.5,2.5
2023-05-18 19:17:11,Alicante - Periodista Rodolfo Salazar,129473081,Just Eat,DELIVERED,CARD,45.39,43.4,3.95
2023-05-17 19:55:42,Alicante - Periodista Rodolfo Salazar,129430971,Just Eat,DELIVERED,CARD,25.09,23.1,2.1
2023-05-17 19:34:21,Alicante - Periodista Rodolfo Salazar,129426150,Just Eat,DELIVERED,CARD,25.69,23.7,2.16
2023-05-17 19:33:22,Alicante - Periodista Rodolfo Salazar,129424781,Just Eat,DELIVERED,CARD,29.09,27.1,2.46
2023-05-17 18:46:57,Alicante - Periodista Rodolfo Salazar,129418273,Just Eat,DELIVERED,CARD,45.09,43.1,3.92
2023-05-15 19:53:57,Alicante - Periodista Rodolfo Salazar,129346842,Just Eat,DELIVERED,CARD,46.59,44.6,4.06
2023-05-14 19:05:43,Alicante - Periodista Rodolfo Salazar,129279006,Just Eat,DELIVERED,CARD,52.99,51.0,4.63
2023-05-14 19:04:39,Alicante - Periodista Rodolfo Salazar,129278925,Just Eat,DELIVERED,CARD,15.89,12.9,1.17
2023-05-14 12:40:35,Alicante - Periodista Rodolfo Salazar,129241994,Just Eat,DELIVERED,CARD,63.59,61.6,5.6
2023-05-14 11:58:16,Alicante - Periodista Rodolfo Salazar,129227155,Just Eat,DELIVERED,CARD,17.69,15.7,1.43
2023-05-14 11:58:14,Alicante - Periodista Rodolfo Salazar,129227361,Just Eat,DELIVERED,CARD,108.19,106.2,9.67
2023-05-13 18:23:05,Alicante - Periodista Rodolfo Salazar,129166509,Just Eat,DELIVERED,CARD,38.49,36.5,3.32
2023-05-13 12:40:39,Alicante - Periodista Rodolfo Salazar,129148674,Just Eat,DELIVERED,CARD,29.79,27.8,2.52
2023-05-12 20:50:41,Alicante - Periodista Rodolfo Salazar,129122829,Just Eat,DELIVERED,CARD,32.69,30.7,2.78
2023-05-12 19:38:24,Alicante - Periodista Rodolfo Salazar,129108890,Just Eat,DELIVERED,CARD,52.19,50.2,4.57
2023-05-12 12:23:42,Alicante - Periodista Rodolfo Salazar,129067019,Just Eat,DELIVERED,CARD,25.99,24.0,2.18
2023-05-10 18:30:46,Alicante - Periodista Rodolfo Salazar,128983540,Just Eat,DELIVERED,CARD,43.59,41.6,3.78
2023-05-09 19:18:15,Alicante - Periodista Rodolfo Salazar,128949645,Just Eat,DELIVERED,CARD,16.59,14.6,1.33
2023-05-08 13:47:41,Alicante - Periodista Rodolfo Salazar,128897334,Just Eat,DELIVERED,CARD,30.39,28.4,2.59
2023-05-07 21:13:50,Alicante - Periodista Rodolfo Salazar,128880318,Just Eat,DELIVERED,CARD,66.39,64.4,5.86
2023-05-07 20:26:45,Alicante - Periodista Rodolfo Salazar,128878470,Just Eat,DELIVERED,CARD,21.99,20.0,1.83
2023-05-07 19:52:51,Alicante - Periodista Rodolfo Salazar,128869778,Just Eat,DELIVERED,CARD,37.19,35.2,3.2
2023-05-07 19:34:19,Alicante - Periodista Rodolfo Salazar,128864830,Just Eat,DELIVERED,CARD,23.09,21.1,1.92
2023-05-06 18:59:20,Alicante - Periodista Rodolfo Salazar,128757515,Just Eat,DELIVERED,CARD,21.99,20.0,1.82
2023-05-06 12:55:58,Alicante - Periodista Rodolfo Salazar,128736119,Just Eat,DELIVERED,CARD,59.59,57.6,5.24
2023-05-06 11:31:35,Alicante - Periodista Rodolfo Salazar,128722984,Just Eat,DELIVERED,CARD,30.99,29.0,2.64
2023-05-05 19:56:41,Alicante - Periodista Rodolfo Salazar,128694256,Just Eat,DELIVERED,CARD,22.69,20.7,1.88
2023-05-05 18:08:41,Alicante - Periodista Rodolfo Salazar,128661684,Just Eat,DELIVERED,CARD,33.09,31.1,2.83
2023-05-04 19:54:39,Alicante - Periodista Rodolfo Salazar,128632529,Just Eat,DELIVERED,CARD,19.89,17.9,1.63
2023-05-01 20:40:39,Alicante - Periodista Rodolfo Salazar,128502448,Just Eat,DELIVERED,CARD,39.89,37.9,3.45
2023-05-01 19:50:45,Alicante - Periodista Rodolfo Salazar,128469565,Just Eat,DELIVERED,CARD,30.99,29.0,2.64
2023-05-01 18:46:19,Alicante - Periodista Rodolfo Salazar,128462016,Just Eat,DELIVERED,CARD,40.99,39.0,3.55
2023-05-01 12:39:19,Alicante - Periodista Rodolfo Salazar,128440870,Just Eat,DELIVERED,CARD,42.19,40.2,3.66
2023-10-31 21:31:15,Alicante - Bazan,138509659,Just Eat,ACCEPTED,CARD,85.39,83.4,7.57
2023-10-31 21:02:26,Alicante - Periodista Rodolfo Salazar,138502564,Just Eat,DELIVERED,CARD,41.89,39.9,3.62
2023-10-29 20:20:15,Alicante - Periodista Rodolfo Salazar,138409768,Just Eat,DELIVERED,CARD,31.09,29.1,2.65
2023-10-29 19:53:10,Alicante - Periodista Rodolfo Salazar,138402233,Just Eat,DELIVERED,CARD,19.69,17.7,1.61
2023-10-29 19:28:17,Alicante - Periodista Rodolfo Salazar,138390234,Just Eat,DELIVERED,CARD,15.99,13.0,1.19
2023-10-28 19:23:22,Alicante - Bazan,138319436,Just Eat,ACCEPTED,CARD,17.49,15.5,1.41
2023-10-28 19:00:52,Alicante - Periodista Rodolfo Salazar,138316697,Just Eat,DELIVERED,CARD,28.79,26.8,2.44
2023-10-28 18:59:45,Alicante - Periodista Rodolfo Salazar,138311393,Just Eat,DELIVERED,CARD,42.89,40.9,3.72
2023-10-28 13:18:43,Alicante - Periodista Rodolfo Salazar,138292558,Just Eat,DELIVERED,CARD,48.49,46.5,4.23
2023-10-28 11:59:39,Alicante - Bazan,138283638,Just Eat,ACCEPTED,CARD,30.79,28.8,2.62
2023-10-27 19:32:50,Alicante - Bazan,138253067,Just Eat,DELIVERED,CARD,30.79,28.8,2.62
2023-10-27 17:46:58,Alicante - Bazan,138225171,Just Eat,DELIVERED,CARD,21.39,19.4,1.76
2023-10-26 19:14:19,Alicante - Periodista Rodolfo Salazar,138193344,Just Eat,DELIVERED,CARD,31.99,30.0,2.73
2023-10-26 19:13:39,Alicante - Periodista Rodolfo Salazar,138193373,Just Eat,DELIVERED,CARD,33.69,31.7,2.89
2023-10-23 20:35:14,Alicante - Periodista Rodolfo Salazar,138092974,Just Eat,DELIVERED,CARD,28.49,26.5,2.41
2023-10-22 18:59:39,Alicante - Periodista Rodolfo Salazar,138041729,Just Eat,DELIVERED,CARD,32.39,30.4,2.76
2023-10-22 18:59:13,Alicante - Periodista Rodolfo Salazar,138036409,Just Eat,DELIVERED,CARD,17.99,16.0,1.46
2023-10-22 18:43:38,Alicante - Periodista Rodolfo Salazar,138033638,Just Eat,DELIVERED,CARD,17.79,15.8,1.44
2023-10-22 13:34:50,Alicante - Bazan,138010804,Just Eat,DELIVERED,CARD,29.89,27.9,2.53
2023-10-22 13:04:34,Alicante - Bazan,138007598,Just Eat,DELIVERED,CARD,26.99,25.0,2.27
2023-10-22 11:56:04,Alicante - Periodista Rodolfo Salazar,137994655,Just Eat,DELIVERED,CARD,45.29,43.3,3.94
2023-10-21 19:40:33,Alicante - Periodista Rodolfo Salazar,137964896,Just Eat,DELIVERED,CARD,16.19,14.2,1.29
2023-10-21 19:39:28,Alicante - Periodista Rodolfo Salazar,137965761,Just Eat,DELIVERED,CARD,39.69,37.7,3.42
2023-10-21 19:28:42,Alicante - Periodista Rodolfo Salazar,137959618,Just Eat,DELIVERED,CARD,31.49,29.5,2.68
2023-10-21 18:41:53,Alicante - Periodista Rodolfo Salazar,137948279,Just Eat,DELIVERED,CARD,32.79,30.8,2.8
2023-10-21 18:40:23,Alicante - Periodista Rodolfo Salazar,137948824,Just Eat,DELIVERED,CARD,54.59,52.6,4.78
2023-10-21 18:00:43,Alicante - Periodista Rodolfo Salazar,137942216,Just Eat,DELIVERED,CARD,29.49,27.5,2.5
2023-10-21 14:35:48,Alicante - Bazan,137936032,Just Eat,DELIVERED,CARD,14.19,11.2,1.02
2023-10-21 12:07:11,Alicante - Bazan,137925134,Just Eat,DELIVERED,CARD,32.29,30.3,2.76
2023-10-20 20:41:36,Alicante - Periodista Rodolfo Salazar,137910498,Just Eat,DELIVERED,CARD,20.09,18.1,1.64
2023-10-20 19:38:18,Alicante - Periodista Rodolfo Salazar,137895680,Just Eat,DELIVERED,CARD,30.09,28.1,2.56
2023-10-20 18:50:32,Alicante - Periodista Rodolfo Salazar,137883261,Just Eat,DELIVERED,CARD,35.19,33.2,3.02
2023-10-19 20:25:13,Alicante - Periodista Rodolfo Salazar,137846543,Just Eat,DELIVERED,CARD,33.19,31.2,2.84
2023-10-18 20:22:36,Alicante - Bazan,137803389,Just Eat,DELIVERED,CARD,40.09,38.1,3.47
2023-10-18 19:58:19,Alicante - Bazan,137801553,Just Eat,DELIVERED,CARD,15.49,12.5,1.14
2023-10-14 19:51:21,Alicante - Bazan,137621464,Just Eat,DELIVERED,CARD,49.89,47.9,4.36
2023-10-14 18:50:43,Alicante - Bazan,137602868,Just Eat,DELIVERED,CARD,17.99,16.0,1.45
2023-10-14 12:51:22,Alicante - Bazan,137587409,Just Eat,DELIVERED,CARD,18.09,16.1,1.47
2023-10-13 21:07:57,Alicante - Bazan,137571629,Just Eat,DELIVERED,CARD,22.59,20.6,1.87
2023-10-13 18:59:11,Alicante - Bazan,137551307,Just Eat,ACCEPTED,CARD,29.79,27.8,2.53
2023-10-12 19:49:42,Alicante - Bazan,137508230,Just Eat,DELIVERED,CARD,26.09,24.1,2.19
2023-10-12 11:45:35,Alicante - Bazan,137457751,Just Eat,DELIVERED,CARD,31.89,29.9,2.72
2023-10-11 19:35:38,Alicante - Bazan,137430634,Just Eat,DELIVERED,CARD,35.39,33.4,3.04
2023-10-11 19:33:00,Alicante - Bazan,137432611,Just Eat,DELIVERED,CARD,52.59,50.6,4.62
2023-10-09 19:19:40,Alicante - Bazan,137351414,Just Eat,DELIVERED,CARD,17.39,15.4,1.4
2023-10-09 18:26:20,Alicante - Bazan,137344918,Just Eat,DELIVERED,CARD,31.09,29.1,2.65
2023-10-09 13:15:00,Alicante - Bazan,137336556,Just Eat,DELIVERED,CARD,17.39,15.4,1.4
2023-10-08 17:22:43,Alicante - Bazan,137281410,Just Eat,DELIVERED,CARD,23.29,21.3,1.93
2023-10-07 19:48:52,Alicante - Bazan,137233002,Just Eat,DELIVERED,CARD,45.09,43.1,3.93
2023-10-07 18:26:37,Alicante - Bazan,137210756,Just Eat,DELIVERED,CARD,28.39,26.4,2.41
2023-10-07 12:53:57,Alicante - Bazan,137195974,Just Eat,DELIVERED,CARD,22.19,20.2,1.83
2023-10-06 20:15:47,Alicante - Bazan,137170977,Just Eat,DELIVERED,CARD,27.79,25.8,2.34
2023-10-05 20:17:36,Alicante - Bazan,137110319,Just Eat,DELIVERED,CARD,35.29,33.3,3.02
2023-10-05 19:22:01,Alicante - Bazan,137103955,Just Eat,DELIVERED,CARD,30.99,29.0,2.63
2023-10-04 20:50:49,Alicante - Periodista Rodolfo Salazar,137072257,Just Eat,DELIVERED,CARD,89.79,87.8,8.02
2023-10-04 13:46:55,Alicante - Periodista Rodolfo Salazar,137046943,Just Eat,DELIVERED,CARD,29.29,27.3,2.48
2023-10-03 19:13:58,Alicante - Periodista Rodolfo Salazar,137026252,Just Eat,DELIVERED,CARD,32.89,30.9,2.81
2023-10-01 15:54:56,Alicante - Bazan,136925115,Just Eat,DELIVERED,CARD,42.69,40.7,3.7
2023-10-01 13:54:36,Alicante - Bazan,136920156,Just Eat,DELIVERED,CARD,20.89,18.9,1.73
2023-10-01 12:29:06,Alicante - Periodista Rodolfo Salazar,136909515,Just Eat,DELIVERED,CARD,19.59,17.6,1.6
2023-10-01 11:55:37,Alicante - Periodista Rodolfo Salazar,136902245,Just Eat,DELIVERED,CARD,40.19,38.2,3.47
2023-09-30 20:44:37,Alicante - Periodista Rodolfo Salazar,136886779,Just Eat,DELIVERED,CARD,38.39,36.4,3.32
2023-09-30 20:27:49,Alicante - Periodista Rodolfo Salazar,136886046,Just Eat,DELIVERED,CARD,30.79,28.8,2.62
2023-09-30 11:38:24,Alicante - Periodista Rodolfo Salazar,136833728,Just Eat,DELIVERED,CARD,43.19,41.2,3.75
2023-09-29 19:51:02,Alicante - Periodista Rodolfo Salazar,136809190,Just Eat,DELIVERED,CARD,30.49,28.5,2.59
2023-09-29 19:47:35,Alicante - Periodista Rodolfo Salazar,136808367,Just Eat,DELIVERED,CARD,27.59,25.6,2.33
2023-09-28 19:50:23,Alicante - Bazan,136753074,Just Eat,DELIVERED,CARD,18.09,16.1,1.46
2023-09-25 18:53:02,Alicante - Bazan,136642697,Just Eat,DELIVERED,CARD,21.49,19.5,1.77
2023-09-24 20:25:37,Alicante - Periodista Rodolfo Salazar,136617562,Just Eat,DELIVERED,CARD,46.79,44.8,4.07
2023-09-24 20:03:11,Alicante - Periodista Rodolfo Salazar,136614894,Just Eat,DELIVERED,CARD,88.89,86.9,7.9
2023-09-24 18:44:18,Alicante - Periodista Rodolfo Salazar,136591862,Just Eat,DELIVERED,CARD,17.19,15.2,1.38
2023-09-23 18:57:00,Alicante - Periodista Rodolfo Salazar,136517514,Just Eat,DELIVERED,CARD,29.99,28.0,2.54
2023-09-23 18:26:35,Alicante - Periodista Rodolfo Salazar,136510560,Just Eat,DELIVERED,CARD,32.49,30.5,2.78
2023-09-22 21:21:51,Alicante - Periodista Rodolfo Salazar,136479263,Just Eat,DELIVERED,CARD,37.89,35.9,3.27
2023-09-22 19:50:28,Alicante - Periodista Rodolfo Salazar,136468955,Just Eat,DELIVERED,CARD,33.89,31.9,2.9
2023-09-22 12:54:38,Alicante - Periodista Rodolfo Salazar,136431680,Just Eat,DELIVERED,CARD,26.29,24.3,2.21
2023-09-22 12:50:59,Alicante - Bazan,136431644,Just Eat,DELIVERED,CARD,22.29,20.3,1.85
2023-09-22 12:28:58,Alicante - Periodista Rodolfo Salazar,136429958,Just Eat,DELIVERED,CARD,17.69,15.7,1.43
2023-09-21 19:51:00,Alicante - Periodista Rodolfo Salazar,136414665,Just Eat,DELIVERED,CARD,31.89,29.9,2.72
2023-09-21 18:29:29,Alicante - Bazan,136400201,Just Eat,DELIVERED,CARD,40.09,38.1,3.47
2023-09-20 19:16:44,Alicante - Periodista Rodolfo Salazar,136371319,Just Eat,DELIVERED,CARD,19.79,17.8,1.62
2023-09-19 18:30:45,Alicante - Periodista Rodolfo Salazar,136330626,Just Eat,DELIVERED,CARD,38.59,36.6,3.33
2023-09-17 19:26:46,Alicante - Bazan,136266300,Just Eat,DELIVERED,CARD,22.19,20.2,1.83
2023-09-17 19:20:36,Alicante - Bazan,136265826,Just Eat,DELIVERED,CARD,10.69,7.7,0.7
2023-09-17 18:57:20,Alicante - Bazan,136259244,Just Eat,DELIVERED,CARD,46.29,44.3,4.03
2023-09-17 12:21:40,Alicante - Periodista Rodolfo Salazar,136219461,Just Eat,DELIVERED,CARD,16.19,14.2,1.29
2023-09-17 11:42:50,Alicante - Periodista Rodolfo Salazar,136213061,Just Eat,DELIVERED,CARD,56.29,54.3,4.94
2023-09-16 20:17:53,Alicante - Periodista Rodolfo Salazar,136193903,Just Eat,DELIVERED,CARD,33.99,32.0,2.92
2023-09-16 19:58:57,Alicante - Periodista Rodolfo Salazar,136189198,Just Eat,DELIVERED,CARD,48.59,46.6,4.24
2023-09-16 19:45:24,Alicante - Periodista Rodolfo Salazar,136187271,Just Eat,DELIVERED,CARD,15.69,12.7,1.15
2023-09-16 18:28:17,Alicante - Periodista Rodolfo Salazar,136166624,Just Eat,DELIVERED,CARD,32.49,30.5,2.77
2023-09-16 13:11:14,Alicante - Periodista Rodolfo Salazar,136155021,Just Eat,DELIVERED,CARD,46.89,44.9,4.09
2023-09-16 11:46:21,Alicante - Periodista Rodolfo Salazar,136140224,Just Eat,DELIVERED,CARD,38.89,36.9,3.36
2023-09-15 18:52:30,Alicante - Periodista Rodolfo Salazar,136105682,Just Eat,DELIVERED,CARD,27.59,25.6,2.33
2023-09-15 18:29:42,Alicante - Bazan,136100578,Just Eat,DELIVERED,CARD,35.39,33.4,3.04
2023-09-15 14:43:25,Alicante - Bazan,136089729,Just Eat,DELIVERED,CARD,29.89,27.9,2.54
2023-09-14 19:21:59,Alicante - Periodista Rodolfo Salazar,136061773,Just Eat,DELIVERED,CARD,20.29,18.3,1.66
2023-09-14 19:01:36,Alicante - Periodista Rodolfo Salazar,136058389,Just Eat,DELIVERED,CARD,18.49,16.5,1.5
2023-09-14 12:47:13,Alicante - Periodista Rodolfo Salazar,136037797,Just Eat,DELIVERED,CARD,18.19,16.2,1.47
2023-09-12 21:22:01,Alicante - Bazan,135996530,Just Eat,DELIVERED,CARD,32.59,30.6,2.78
2023-09-12 21:11:52,Alicante - Periodista Rodolfo Salazar,135996756,Just Eat,DELIVERED,CARD,17.49,15.5,1.42
2023-09-12 19:57:32,Alicante - Periodista Rodolfo Salazar,135988864,Just Eat,DELIVERED,CARD,32.39,30.4,2.76
2023-09-12 12:19:25,Alicante - Periodista Rodolfo Salazar,135971496,Just Eat,DELIVERED,CARD,45.79,43.8,3.98
2023-09-10 20:34:37,Alicante - Bazan,135920184,Just Eat,DELIVERED,CARD,41.99,40.0,3.64
2023-09-10 20:00:12,Alicante - Periodista Rodolfo Salazar,135914394,Just Eat,DELIVERED,CARD,30.39,28.4,2.58
2023-09-10 19:00:40,Alicante - Periodista Rodolfo Salazar,135894279,Just Eat,DELIVERED,CARD,26.99,25.0,2.28
2023-09-10 13:10:33,Alicante - Periodista Rodolfo Salazar,135868115,Just Eat,DELIVERED,CARD,49.39,47.4,4.31
2023-09-10 11:59:11,Alicante - Bazan,135855921,Just Eat,DELIVERED,CARD,17.39,15.4,1.4
2023-09-10 11:31:43,Alicante - Periodista Rodolfo Salazar,135844697,Just Eat,DELIVERED,CARD,37.09,35.1,3.19
2023-09-09 21:02:21,Alicante - Bazan,135839529,Just Eat,DELIVERED,CARD,17.49,15.5,1.41
2023-09-09 20:30:19,Alicante - Periodista Rodolfo Salazar,135835850,Just Eat,DELIVERED,CARD,38.59,36.6,3.33
2023-09-09 20:11:04,Alicante - Periodista Rodolfo Salazar,135833359,Just Eat,DELIVERED,CARD,41.39,39.4,3.58
2023-09-09 12:56:17,Alicante - Periodista Rodolfo Salazar,135795887,Just Eat,DELIVERED,CARD,26.89,24.9,2.26
2023-09-08 20:31:38,Alicante - Periodista Rodolfo Salazar,135772761,Just Eat,DELIVERED,CARD,28.79,26.8,2.44
2023-09-08 19:20:49,Alicante - Periodista Rodolfo Salazar,135753607,Just Eat,DELIVERED,CARD,43.29,41.3,3.76
2023-09-08 18:28:18,Alicante - Periodista Rodolfo Salazar,135742312,Just Eat,DELIVERED,CARD,16.99,15.0,1.37
2023-09-08 12:44:19,Alicante - Periodista Rodolfo Salazar,135725298,Just Eat,DELIVERED,CARD,30.49,28.5,2.59
2023-09-07 20:11:25,Alicante - Bazan,135710776,Just Eat,DELIVERED,CARD,26.79,24.8,2.25
2023-09-07 20:03:20,Alicante - Periodista Rodolfo Salazar,135709251,Just Eat,DELIVERED,CARD,49.29,47.3,4.3
2023-09-07 19:36:34,Alicante - Periodista Rodolfo Salazar,135705204,Just Eat,DELIVERED,CARD,32.69,30.7,2.8
2023-09-07 18:59:34,Alicante - Periodista Rodolfo Salazar,135698897,Just Eat,DELIVERED,CARD,30.59,28.6,2.6
2023-09-07 13:31:16,Alicante - Periodista Rodolfo Salazar,135686046,Just Eat,DELIVERED,CARD,30.89,28.9,2.63
2023-09-05 19:48:15,Alicante - Periodista Rodolfo Salazar,135628550,Just Eat,DELIVERED,CARD,15.99,14.0,1.28
2023-09-04 12:53:35,Alicante - Periodista Rodolfo Salazar,135572965,Just Eat,DELIVERED,CARD,23.99,22.0,2.0
2023-09-03 18:27:57,Alicante - Periodista Rodolfo Salazar,135520669,Just Eat,DELIVERED,CARD,32.59,30.6,2.78
2023-09-03 18:25:21,Alicante - Periodista Rodolfo Salazar,135520002,Just Eat,DELIVERED,CARD,16.49,14.5,1.32
2023-09-02 20:39:23,Alicante - Periodista Rodolfo Salazar,135459946,Just Eat,DELIVERED,CARD,17.89,15.9,1.45
2023-09-02 20:00:45,Alicante - Periodista Rodolfo Salazar,135458484,Just Eat,DELIVERED,CARD,32.49,30.5,2.77
2023-09-02 19:47:03,Alicante - Periodista Rodolfo Salazar,135458204,Just Eat,DELIVERED,CARD,37.39,35.4,3.22
2023-09-02 18:32:35,Alicante - Periodista Rodolfo Salazar,135446084,Just Eat,DELIVERED,CARD,16.59,14.6,1.33
2023-09-01 20:36:44,Alicante - Periodista Rodolfo Salazar,135407048,Just Eat,DELIVERED,CARD,17.89,15.9,1.45
2023-09-01 19:54:37,Alicante - Periodista Rodolfo Salazar,135396109,Just Eat,DELIVERED,CARD,43.19,41.2,3.75
2023-08-31 20:57:43,Alicante - Periodista Rodolfo Salazar,135349056,Just Eat,DELIVERED,CARD,30.79,28.8,2.62
2023-08-31 19:44:20,Alicante - Periodista Rodolfo Salazar,135340887,Just Eat,DELIVERED,CARD,32.59,30.6,2.79
2023-08-31 18:25:48,Alicante - Periodista Rodolfo Salazar,135327339,Just Eat,DELIVERED,CARD,32.49,30.5,2.77
